{
  "project_info": {
    "project_number": "95677732679",
    "firebase_url": "https://dodji-na-teren.firebaseio.com",
    "project_id": "dodji-na-teren",
    "storage_bucket": "dodji-na-teren.appspot.com"
  },
  "client": [
    {
      "client_info": {
        "mobilesdk_app_id": "1:95677732679:android:62631d29011b218f",
        "android_client_info": {
          "package_name": "com.example.android.dodjinateren"
        }
      },
      "oauth_client": [
        {
          "client_id": "95677732679-ccf6q3tfj4a1r2scmouen9othpdp0gon.apps.googleusercontent.com",
          "client_type": 1,
          "android_info": {
            "package_name": "com.example.android.dodjinateren",
            "certificate_hash": "74ac80974ac8d71198b99bd3c447c35960ab7522"
          }
        },
        {
          "client_id": "95677732679-8nrc69cjg0im72h4185dhru3o14lj8u2.apps.googleusercontent.com",
          "client_type": 3
        }
      ],
      "api_key": [
        {
          "current_key": "AIzaSyAZLBilUuZNt4s4oG08wCPbdJFnQKlkbGU"
        }
      ],
      "services": {
        "analytics_service": {
          "status": 1
        },
        "appinvite_service": {
          "status": 2,
          "other_platform_oauth_client": [
            {
              "client_id": "95677732679-8nrc69cjg0im72h4185dhru3o14lj8u2.apps.googleusercontent.com",
              "client_type": 3
            }
          ]
        },
        "ads_service": {
          "status": 2
        }
      }
    }
  ],
  "configuration_version": "1"
}